cutoff,size,time
88,1400,40.56482696533203
175,1400,23.862956047058105
350,1400,15.04683804512024
700,1400,11.212817907333374
1400,1400,13.069695949554443
